{"0": {"method": "elipsoid", "a_axis": 29.75554101771257, "b_axis": 22.237441341629033, "c_axis": 42.86180678605262, "start_face": 0}}