{"0": {"method": "hiperboloid", "a_axis": 2.5974571109284326, "b_axis": 6.91338408037421, "c_axis": 4.078405514518613, "start_face": 0}}