{"0": {"method": "elipsoid", "a_axis": 37.16667177258408, "b_axis": 45.81115837855907, "c_axis": 47.31113678327879, "start_face": 0}}