{"0": {"method": "hiperboloid", "a_axis": 14.41353510690478, "b_axis": 2.612807382012988, "c_axis": 7.8275691093061175, "start_face": 0}, "1": {"method": "hiperboloid", "a_axis": 3.3414802630568916, "b_axis": 6.8797279753838865, "c_axis": 0.9818087866985676, "start_face": 0}}